,r,acessibilidade_média,gini,load_concentration,load_connectivity
0,999,17223.090542285358,0.24888869285884838,0.008182469959594959,124.47489706764172
1,6,4828.853579089112,0.489613358158105,0.004412757514793597,52.191953402799555
2,3,490.11205635609736,0.6188669086807504,0.0024045435872378637,55.452682532047085
